<botcomponent_connectionreferenceset>
  <botcomponent_connectionreference botcomponentid.schemaname="vduong_ptagent.component.AzureAISearch-Vectorizedsearchvector" connectionreferenceid.connectionreferencelogicalname="vduong_ptagent.shared_azureaisearch.shared-azureaisearch-d7137a0f-5652-44cb-89aa-c446859ef518">
    <iscustomizable>1</iscustomizable>
  </botcomponent_connectionreference>
  <botcomponent_connectionreference botcomponentid.schemaname="vduong_ptagent.component.AzureAISearch-Vectorizedsearchvector_BgV" connectionreferenceid.connectionreferencelogicalname="vduong_ptagent.shared_azureaisearch.shared-azureaisearch-d7137a0f-5652-44cb-89aa-c446859ef518">
    <iscustomizable>1</iscustomizable>
  </botcomponent_connectionreference>
  <botcomponent_connectionreference botcomponentid.schemaname="vduong_ptagent.component.AzureAISearch-Vectorizedsearchvector_WR-" connectionreferenceid.connectionreferencelogicalname="vduong_ptagent.shared_azureaisearch.shared-azureaisearch-d7137a0f-5652-44cb-89aa-c446859ef518">
    <iscustomizable>1</iscustomizable>
  </botcomponent_connectionreference>
  <botcomponent_connectionreference botcomponentid.schemaname="vduong_ptagent.topic.CreateTreatmentPlanforFuturePatientsCopy" connectionreferenceid.connectionreferencelogicalname="vduong_ptagent.shared_azureaisearch.shared-azureaisearch-0f795ef4-e3f8-421f-af55-4ec8335d3153">
    <iscustomizable>1</iscustomizable>
  </botcomponent_connectionreference>
  <botcomponent_connectionreference botcomponentid.schemaname="vduong_ptagent.topic.CreateTreatmentPlanforFuturePatientsCopy" connectionreferenceid.connectionreferencelogicalname="vduong_ptagent.shared_azureaisearch.shared-azureaisearch-d7137a0f-5652-44cb-89aa-c446859ef518">
    <iscustomizable>1</iscustomizable>
  </botcomponent_connectionreference>
  <botcomponent_connectionreference botcomponentid.schemaname="vduong_ptagent.topic.TreatmentPlanCreationandGenerationv1" connectionreferenceid.connectionreferencelogicalname="vduong_ptagent.shared_azureaisearch.shared-azureaisearch-0f795ef4-e3f8-421f-af55-4ec8335d3153">
    <iscustomizable>1</iscustomizable>
  </botcomponent_connectionreference>
  <botcomponent_connectionreference botcomponentid.schemaname="vduong_ptagent.topic.TreatmentPlanCreationandGenerationv1" connectionreferenceid.connectionreferencelogicalname="vduong_ptagent.shared_azureaisearch.shared-azureaisearch-d7137a0f-5652-44cb-89aa-c446859ef518">
    <iscustomizable>1</iscustomizable>
  </botcomponent_connectionreference>
</botcomponent_connectionreferenceset>