{
  "properties": {
    "connectionReferences": {
      "shared_commondataserviceforapps": {
        "runtimeSource": "embedded",
        "connection": {
          "connectionReferenceLogicalName": "vduong_sharedcommondataserviceforapps_78851"
        },
        "api": {
          "name": "shared_commondataserviceforapps"
        }
      }
    },
    "definition": {
      "$schema": "https://schema.management.azure.com/providers/Microsoft.Logic/schemas/2016-06-01/workflowdefinition.json#",
      "contentVersion": "1.0.0.0",
      "parameters": {
        "$connections": {
          "defaultValue": {},
          "type": "Object"
        },
        "$authentication": {
          "defaultValue": {},
          "type": "SecureObject"
        }
      },
      "triggers": {
        "manual": {
          "metadata": {
            "operationMetadataId": "5d1ba369-2318-4734-b275-058d6b41e2a6"
          },
          "type": "Request",
          "kind": "Button",
          "inputs": {
            "schema": {
              "type": "object",
              "properties": {},
              "required": []
            }
          }
        }
      },
      "actions": {
        "List_rows": {
          "runAfter": {},
          "metadata": {
            "operationMetadataId": "1a57e5c1-4cdf-4088-b7b5-540e0c7ac044"
          },
          "type": "OpenApiConnection",
          "inputs": {
            "host": {
              "connectionName": "shared_commondataserviceforapps",
              "operationId": "ListRecords",
              "apiId": "/providers/Microsoft.PowerApps/apis/shared_commondataserviceforapps"
            },
            "parameters": {
              "entityName": "vduong_patients"
            },
            "authentication": {
              "type": "Raw",
              "value": "@json(decodeBase64(triggerOutputs().headers['X-MS-APIM-Tokens']))['$ConnectionKey']"
            }
          }
        },
        "Apply_to_each": {
          "foreach": "@body('Select')",
          "actions": {
            "Compose_-_Patient's_Name": {
              "runAfter": {},
              "metadata": {
                "operationMetadataId": "75b8ea8a-3853-4b09-bcc9-b6660e9c42e4"
              },
              "type": "Compose",
              "inputs": "@items('Apply_to_each')?['Name']"
            },
            "Filter_array": {
              "runAfter": {
                "Compose_-_Patient's_Name": [
                  "Succeeded"
                ]
              },
              "metadata": {
                "operationMetadataId": "716fe0b7-841a-4ca3-bbdf-ea1b14b0d0dc"
              },
              "type": "Query",
              "inputs": {
                "from": "@body('Parse_JSON')",
                "where": "@equals(item()['Name'], outputs('Compose_-_Patient''s_Name'))"
              }
            },
            "Compose": {
              "runAfter": {
                "Filter_array": [
                  "Succeeded"
                ]
              },
              "metadata": {
                "operationMetadataId": "3f878bf0-e74d-4b34-bafd-90e58acd6aad"
              },
              "type": "Compose",
              "inputs": "@body('Filter_array')?[0]?['ID']"
            },
            "Update_a_row": {
              "runAfter": {
                "Compose": [
                  "Succeeded"
                ]
              },
              "metadata": {
                "operationMetadataId": "1a8cf261-0b5a-405e-a9c9-6b5ba6f04f45"
              },
              "type": "OpenApiConnection",
              "inputs": {
                "host": {
                  "connectionName": "shared_commondataserviceforapps",
                  "operationId": "UpdateOnlyRecord",
                  "apiId": "/providers/Microsoft.PowerApps/apis/shared_commondataserviceforapps"
                },
                "parameters": {
                  "entityName": "vduong_treatmentplans",
                  "recordId": "@outputs('Compose')",
                  "item/vduong_paincategory": "@items('Apply_to_each')?['Pain']"
                },
                "authentication": {
                  "type": "Raw",
                  "value": "@json(decodeBase64(triggerOutputs().headers['X-MS-APIM-Tokens']))['$ConnectionKey']"
                }
              }
            }
          },
          "runAfter": {
            "Parse_JSON": [
              "Succeeded"
            ]
          },
          "metadata": {
            "operationMetadataId": "592efe10-1eb7-4d47-84c7-3522dc3f6be3"
          },
          "type": "Foreach"
        },
        "Select": {
          "runAfter": {
            "List_rows_2": [
              "Succeeded"
            ]
          },
          "metadata": {
            "operationMetadataId": "f06ff51b-5a63-409b-86a8-859b9a9c3ae1"
          },
          "type": "Select",
          "inputs": {
            "from": "@outputs('List_rows')?['body/value']",
            "select": {
              "Name": "@item()?['vduong_name']",
              "Pain": "@item()?['_vduong_paincategory_value@OData.Community.Display.V1.FormattedValue']"
            }
          }
        },
        "List_rows_2": {
          "runAfter": {
            "List_rows": [
              "Succeeded"
            ]
          },
          "metadata": {
            "operationMetadataId": "84decc89-67cf-45d3-9855-73e749907efe"
          },
          "type": "OpenApiConnection",
          "inputs": {
            "host": {
              "connectionName": "shared_commondataserviceforapps",
              "operationId": "ListRecords",
              "apiId": "/providers/Microsoft.PowerApps/apis/shared_commondataserviceforapps"
            },
            "parameters": {
              "entityName": "vduong_treatmentplans",
              "$select": "vduong_name, vduong_treatmentplanid"
            },
            "authentication": {
              "type": "Raw",
              "value": "@json(decodeBase64(triggerOutputs().headers['X-MS-APIM-Tokens']))['$ConnectionKey']"
            }
          }
        },
        "Select_-Treatment": {
          "runAfter": {
            "Select": [
              "Succeeded"
            ]
          },
          "metadata": {
            "operationMetadataId": "e07a1491-a91d-4eea-ae13-14c926f5cb89"
          },
          "type": "Select",
          "inputs": {
            "from": "@outputs('List_rows_2')?['body/value']",
            "select": {
              "Name": "@item()?['vduong_name']",
              "ID": "@item()?['vduong_treatmentplanid']"
            }
          }
        },
        "Parse_JSON": {
          "runAfter": {
            "Select_-Treatment": [
              "Succeeded"
            ]
          },
          "metadata": {
            "operationMetadataId": "00218729-eb20-47ae-94cd-e1323ff7851f"
          },
          "type": "ParseJson",
          "inputs": {
            "content": "@body('Select_-Treatment')",
            "schema": {
              "type": "array",
              "items": {
                "type": "object",
                "properties": {
                  "Name": {
                    "type": "string"
                  },
                  "ID": {
                    "type": "string"
                  }
                },
                "required": [
                  "Name",
                  "ID"
                ]
              }
            }
          }
        }
      }
    },
    "templateName": null
  },
  "schemaVersion": "1.0.0.0"
}