<ImportExportXml version="9.2.25014.220" SolutionPackageVersion="9.2" languagecode="1033" generatedBy="CrmLive" xmlns:xsi="http://www.w3.org/2001/XMLSchema-instance" OrganizationVersion="9.2.25014.220" OrganizationSchemaType="Standard" CRMServerServiceabilityVersion="9.2.25014.00220">
  <SolutionManifest>
    <UniqueName>PhysicalTherapyAdvisor</UniqueName>
    <LocalizedNames>
      <LocalizedName description="Physical Therapy Advisor" languagecode="1033" />
    </LocalizedNames>
    <Descriptions />
    <Version>1.0.0.2</Version>
    <Managed>1</Managed>
    <Publisher>
      <UniqueName>VDuong</UniqueName>
      <LocalizedNames>
        <LocalizedName description="VDuong" languagecode="1033" />
      </LocalizedNames>
      <Descriptions />
      <EMailAddress xsi:nil="true"></EMailAddress>
      <SupportingWebsiteUrl xsi:nil="true"></SupportingWebsiteUrl>
      <CustomizationPrefix>vduong</CustomizationPrefix>
      <CustomizationOptionValuePrefix>40239</CustomizationOptionValuePrefix>
      <Addresses>
        <Address>
          <AddressNumber>1</AddressNumber>
          <AddressTypeCode>1</AddressTypeCode>
          <City xsi:nil="true"></City>
          <County xsi:nil="true"></County>
          <Country xsi:nil="true"></Country>
          <Fax xsi:nil="true"></Fax>
          <FreightTermsCode xsi:nil="true"></FreightTermsCode>
          <ImportSequenceNumber xsi:nil="true"></ImportSequenceNumber>
          <Latitude xsi:nil="true"></Latitude>
          <Line1 xsi:nil="true"></Line1>
          <Line2 xsi:nil="true"></Line2>
          <Line3 xsi:nil="true"></Line3>
          <Longitude xsi:nil="true"></Longitude>
          <Name xsi:nil="true"></Name>
          <PostalCode xsi:nil="true"></PostalCode>
          <PostOfficeBox xsi:nil="true"></PostOfficeBox>
          <PrimaryContactName xsi:nil="true"></PrimaryContactName>
          <ShippingMethodCode>1</ShippingMethodCode>
          <StateOrProvince xsi:nil="true"></StateOrProvince>
          <Telephone1 xsi:nil="true"></Telephone1>
          <Telephone2 xsi:nil="true"></Telephone2>
          <Telephone3 xsi:nil="true"></Telephone3>
          <TimeZoneRuleVersionNumber xsi:nil="true"></TimeZoneRuleVersionNumber>
          <UPSZone xsi:nil="true"></UPSZone>
          <UTCOffset xsi:nil="true"></UTCOffset>
          <UTCConversionTimeZoneCode xsi:nil="true"></UTCConversionTimeZoneCode>
        </Address>
        <Address>
          <AddressNumber>2</AddressNumber>
          <AddressTypeCode>1</AddressTypeCode>
          <City xsi:nil="true"></City>
          <County xsi:nil="true"></County>
          <Country xsi:nil="true"></Country>
          <Fax xsi:nil="true"></Fax>
          <FreightTermsCode xsi:nil="true"></FreightTermsCode>
          <ImportSequenceNumber xsi:nil="true"></ImportSequenceNumber>
          <Latitude xsi:nil="true"></Latitude>
          <Line1 xsi:nil="true"></Line1>
          <Line2 xsi:nil="true"></Line2>
          <Line3 xsi:nil="true"></Line3>
          <Longitude xsi:nil="true"></Longitude>
          <Name xsi:nil="true"></Name>
          <PostalCode xsi:nil="true"></PostalCode>
          <PostOfficeBox xsi:nil="true"></PostOfficeBox>
          <PrimaryContactName xsi:nil="true"></PrimaryContactName>
          <ShippingMethodCode>1</ShippingMethodCode>
          <StateOrProvince xsi:nil="true"></StateOrProvince>
          <Telephone1 xsi:nil="true"></Telephone1>
          <Telephone2 xsi:nil="true"></Telephone2>
          <Telephone3 xsi:nil="true"></Telephone3>
          <TimeZoneRuleVersionNumber xsi:nil="true"></TimeZoneRuleVersionNumber>
          <UPSZone xsi:nil="true"></UPSZone>
          <UTCOffset xsi:nil="true"></UTCOffset>
          <UTCConversionTimeZoneCode xsi:nil="true"></UTCConversionTimeZoneCode>
        </Address>
      </Addresses>
    </Publisher>
    <RootComponents>
      <RootComponent type="1" schemaName="vduong_paincategory" behavior="0" />
      <RootComponent type="1" schemaName="vduong_patient" behavior="0" />
      <RootComponent type="1" schemaName="vduong_patientinfo" behavior="0" />
      <RootComponent type="1" schemaName="vduong_treatmentplan" behavior="0" />
      <RootComponent type="20" id="{31a7290d-fef5-ef11-be21-000d3a3b81a0}" behavior="0" />
      <RootComponent type="20" id="{3a6fe0a0-fef5-ef11-be21-000d3a3b81a0}" behavior="0" />
      <RootComponent type="29" id="{c34e55f9-33f5-ef11-be21-6045bd00664e}" behavior="0" />
      <RootComponent type="29" id="{c54769c5-96f4-ef11-be21-000d3a3b81a0}" behavior="0" />
      <RootComponent type="62" schemaName="vduong_PhysicalAssistantAdmin" behavior="0" />
      <RootComponent type="80" schemaName="vduong_PhysicalAssistantAdmin" behavior="0" />
      <RootComponent type="300" schemaName="vduong_pttreatmentapp_d73c9" behavior="0" />
      <RootComponent type="401" id="{40129148-2737-4536-9253-af048e20ca36}" behavior="0" />
      <RootComponent type="401" id="{46020c47-a566-414c-83e1-d20b6861bb09}" behavior="0" />
      <RootComponent type="401" id="{5158156e-1b34-40d0-869e-317839bad976}" behavior="0" />
      <RootComponent type="401" id="{81716eb1-7a07-4754-9bdb-fa0035e51c19}" behavior="0" />
      <RootComponent type="401" id="{8a2728aa-e9f4-4811-ac72-20a52cf57b4a}" behavior="0" />
      <RootComponent type="401" id="{98aa7b4e-a190-44ae-9e6a-af9d31ab0abd}" behavior="0" />
      <RootComponent type="401" id="{dc88f6d3-e069-4e7f-a856-147c26e57c8f}" behavior="0" />
    </RootComponents>
    <MissingDependencies>
      <MissingDependency>
        <Required type="1" schemaName="msdyn_aimodel" displayName="AI Model" solution="msdyn_AISolution (202501.2.7.1)">
          <package appName="PowerAI" version="202501.2.7.1">msdyn_AISolutionAnchor (202501.2.7.1)</package>
        </Required>
        <Dependent type="300" schemaName="vduong_pttreatmentapp_d73c9" displayName="PT Treatment App" />
      </MissingDependency>
      <MissingDependency>
        <Required type="61" schemaName="msdyn_/Images/AppModule_Default_Icon.png" displayName="msdyn_/Images/AppModule_Default_Icon.png" solution="AppModuleWebResources (2.5)" />
        <Dependent type="80" schemaName="vduong_PhysicalAssistantAdmin" displayName="Physical Assistant Admin" />
      </MissingDependency>
      <MissingDependency>
        <Required type="SettingDefinition" displayName="AppChannel" solution="msdyn_AppFrameworkInfraExtensions (1.0.0.12)" id.uniquename="AppChannel">
          <package appName="PowerAppsAppFramework Package" version="1.0.0.16">PowerAppsAppFramework_Anchor (1.0.0.16)</package>
        </Required>
        <Dependent type="AppSetting" displayName="parentappmoduleid.uniquename=vduong_PhysicalAssistantAdmin,settingdefinitionid.uniquename=AppChannel" id.parentappmoduleid.uniquename="vduong_PhysicalAssistantAdmin" id.settingdefinitionid.uniquename="AppChannel" />
      </MissingDependency>
    </MissingDependencies>
  </SolutionManifest>
</ImportExportXml>