<botcomponent_msdyn_aimodelset>
  <botcomponent_msdyn_aimodel botcomponentid.schemaname="vduong_ptagent.topic.CreateTreatmentPlanforFuturePatientsCopy" msdyn_aimodelid.msdyn_aimodelid="40129148-2737-4536-9253-af048e20ca36">
    <iscustomizable>1</iscustomizable>
  </botcomponent_msdyn_aimodel>
  <botcomponent_msdyn_aimodel botcomponentid.schemaname="vduong_ptagent.topic.CreateTreatmentPlanforFuturePatientsCopy" msdyn_aimodelid.msdyn_aimodelid="8a2728aa-e9f4-4811-ac72-20a52cf57b4a">
    <iscustomizable>1</iscustomizable>
  </botcomponent_msdyn_aimodel>
  <botcomponent_msdyn_aimodel botcomponentid.schemaname="vduong_ptagent.topic.CreateTreatmentPlanforFuturePatientsCopy" msdyn_aimodelid.msdyn_aimodelid="98aa7b4e-a190-44ae-9e6a-af9d31ab0abd">
    <iscustomizable>1</iscustomizable>
  </botcomponent_msdyn_aimodel>
  <botcomponent_msdyn_aimodel botcomponentid.schemaname="vduong_ptagent.topic.PatientHistoricalDataandTreatmentPlan" msdyn_aimodelid.msdyn_aimodelid="46020c47-a566-414c-83e1-d20b6861bb09">
    <iscustomizable>1</iscustomizable>
  </botcomponent_msdyn_aimodel>
  <botcomponent_msdyn_aimodel botcomponentid.schemaname="vduong_ptagent.topic.PatientHistoricalDataandTreatmentPlan" msdyn_aimodelid.msdyn_aimodelid="81716eb1-7a07-4754-9bdb-fa0035e51c19">
    <iscustomizable>1</iscustomizable>
  </botcomponent_msdyn_aimodel>
  <botcomponent_msdyn_aimodel botcomponentid.schemaname="vduong_ptagent.topic.PatientHistoricalDataandTreatmentPlanCopy" msdyn_aimodelid.msdyn_aimodelid="5158156e-1b34-40d0-869e-317839bad976">
    <iscustomizable>1</iscustomizable>
  </botcomponent_msdyn_aimodel>
  <botcomponent_msdyn_aimodel botcomponentid.schemaname="vduong_ptagent.topic.PhysicalTherapyExerciseGuidelines" msdyn_aimodelid.msdyn_aimodelid="8a2728aa-e9f4-4811-ac72-20a52cf57b4a">
    <iscustomizable>1</iscustomizable>
  </botcomponent_msdyn_aimodel>
  <botcomponent_msdyn_aimodel botcomponentid.schemaname="vduong_ptagent.topic.PhysicalTherapyPainDescriptionSymptomsCauseandCare" msdyn_aimodelid.msdyn_aimodelid="8a2728aa-e9f4-4811-ac72-20a52cf57b4a">
    <iscustomizable>1</iscustomizable>
  </botcomponent_msdyn_aimodel>
  <botcomponent_msdyn_aimodel botcomponentid.schemaname="vduong_ptagent.topic.PhysicalTherapyTreatmentMethodandModalitiesGuidelines" msdyn_aimodelid.msdyn_aimodelid="8a2728aa-e9f4-4811-ac72-20a52cf57b4a">
    <iscustomizable>1</iscustomizable>
  </botcomponent_msdyn_aimodel>
  <botcomponent_msdyn_aimodel botcomponentid.schemaname="vduong_ptagent.topic.TreatmentPlanCreationandGenerationv1" msdyn_aimodelid.msdyn_aimodelid="40129148-2737-4536-9253-af048e20ca36">
    <iscustomizable>1</iscustomizable>
  </botcomponent_msdyn_aimodel>
  <botcomponent_msdyn_aimodel botcomponentid.schemaname="vduong_ptagent.topic.TreatmentPlanCreationandGenerationv1" msdyn_aimodelid.msdyn_aimodelid="8a2728aa-e9f4-4811-ac72-20a52cf57b4a">
    <iscustomizable>1</iscustomizable>
  </botcomponent_msdyn_aimodel>
  <botcomponent_msdyn_aimodel botcomponentid.schemaname="vduong_ptagent.topic.TreatmentPlanCreationandGenerationv1" msdyn_aimodelid.msdyn_aimodelid="98aa7b4e-a190-44ae-9e6a-af9d31ab0abd">
    <iscustomizable>1</iscustomizable>
  </botcomponent_msdyn_aimodel>
</botcomponent_msdyn_aimodelset>